timestamp,total_kwh
2012-01-01,3064959.803866819
2012-01-02,4552660.498847645
2012-01-03,4557468.086604293
2012-01-04,4574036.80210408
2012-01-05,4586807.510812046
2012-01-06,4607257.670972622
2012-01-07,4588166.6035273895
2012-01-08,4464837.652647227
2012-01-09,4425368.568109567
2012-01-10,4496061.968311688
2012-01-11,4496164.427340988
2012-01-12,4484733.573354047
2012-01-13,4556900.096790685
2012-01-14,4575372.08560918
2012-01-15,4467395.43655929
2012-01-16,4471079.092482671
2012-01-17,4495487.879401906
2012-01-18,4466978.700159749
2012-01-19,4480442.5384192355
2012-01-20,4577058.417338292
2012-01-21,4562320.804597488
2012-01-22,4450780.887205145
2012-01-23,4455605.074744638
2012-01-24,4467775.610344046
2012-01-25,4468759.750544079
2012-01-26,4485175.9545034645
2012-01-27,4471088.877938398
2012-01-28,4501796.544229592
2012-01-29,4351447.432580117
2012-01-30,4455976.71561204
2012-01-31,4432401.758665553
2012-02-01,4474554.282012642
2012-02-02,4427169.251795625
2012-02-03,4428576.836095481
2012-02-04,4375644.116178306
2012-02-05,4292004.06063129
2012-02-06,4430541.679392268
2012-02-07,4474301.985805185
2012-02-08,4412689.081122766
2012-02-09,4401658.4665315505
2012-02-10,4471522.097825564
2012-02-11,4494810.643175624
2012-02-12,4304342.353562109
2012-02-13,4356251.687536009
2012-02-14,4430620.035651189
2012-02-15,4388249.174530057
2012-02-16,4373424.921780762
2012-02-17,4444660.2894479325
2012-02-18,4419726.946380911
2012-02-19,4270838.392542511
2012-02-20,4346385.803976592
2012-02-21,4349026.155379824
2012-02-22,4410936.659972863
2012-02-23,4402375.966931089
2012-02-24,4465393.441673266
2012-02-25,4482154.6046490325
2012-02-26,4375150.263436786
2012-02-27,4422843.302512126
2012-02-28,4430967.498580455
2012-02-29,4414123.559468649
2012-03-01,4420965.172870261
2012-03-02,4469846.193449636
2012-03-03,4545186.711932738
2012-03-04,4468453.650558666
2012-03-05,4414181.370504637
2012-03-06,4446972.790002391
2012-03-07,4459543.097763704
2012-03-08,4519311.641730718
2012-03-09,4503006.659781379
2012-03-10,4536391.838267493
2012-03-11,4441817.7032690765
2012-03-12,4487005.439463535
2012-03-13,4552181.345535395
2012-03-14,4492062.566989734
2012-03-15,4468446.328354365
2012-03-16,4511363.617994721
2012-03-17,4489333.509058665
2012-03-18,4283673.8280295795
2012-03-19,4259790.413908695
2012-03-20,4320497.778246867
2012-03-21,4304023.218676459
2012-03-22,4334055.799402625
2012-03-23,4491326.427132719
2012-03-24,4568567.052336159
2012-03-25,4403346.452332246
2012-03-26,4541995.18936362
2012-03-27,4587001.874571167
2012-03-28,4588170.214615097
2012-03-29,4581794.146514049
2012-03-30,4608434.282228303
2012-03-31,4616350.209218694
2012-04-01,4504713.891319671
2012-04-02,4483458.242864097
2012-04-03,4476281.364984293
2012-04-04,4429448.717631526
2012-04-05,4407173.395827868
2012-04-06,4432800.303204631
2012-04-07,4454101.425243447
2012-04-08,4138038.52158249
2012-04-09,4456186.966571243
2012-04-10,4484275.449787386
2012-04-11,4412456.057573295
2012-04-12,4348990.722906907
2012-04-13,4436586.682292921
2012-04-14,4408081.943470762
2012-04-15,4203281.78466169
2012-04-16,4259140.903430038
2012-04-17,4393461.158229945
2012-04-18,4328295.423227055
2012-04-19,4378063.251739402
2012-04-20,4460865.033481501
2012-04-21,4544426.955320688
2012-04-22,4395513.919421829
2012-04-23,4420251.786920766
2012-04-24,4441752.326945758
2012-04-25,4435790.074963075
2012-04-26,4422904.776669014
2012-04-27,4431275.975959923
2012-04-28,4343046.570076904
2012-04-29,4164288.0730339806
2012-04-30,4352664.827102508
2012-05-01,4357551.379524328
2012-05-02,4425723.349328382
2012-05-03,4513476.174266897
2012-05-04,4517111.544945832
2012-05-05,4568872.773098499
2012-05-06,4445627.651757629
2012-05-07,4554088.651755878
2012-05-08,4807009.202443712
2012-05-09,5219982.7940449
2012-05-10,5417248.210581851
2012-05-11,5506877.838978038
2012-05-12,5818555.91436003
2012-05-13,5749651.288821549
2012-05-14,5903229.957638773
2012-05-15,6029293.795805101
2012-05-16,5992920.1754132975
2012-05-17,5576727.715561885
2012-05-18,5181541.258858617
2012-05-19,4868981.167481528
2012-05-20,4656391.151879561
2012-05-21,4717961.140577733
2012-05-22,5009584.018746836
2012-05-23,5356308.405811799
2012-05-24,5439409.34263294
2012-05-25,5215850.24314418
2012-05-26,5031779.587012523
2012-05-27,5017175.998505612
2012-05-28,5251032.109719756
2012-05-29,5369563.961960077
2012-05-30,5665759.867678709
2012-05-31,5931618.55336966
2012-06-01,5902703.48393912
2012-06-02,5548861.337308567
2012-06-03,5477728.304026018
2012-06-04,5740073.383793915
2012-06-05,5869261.602693482
2012-06-06,5873679.42710236
2012-06-07,5618326.824476186
2012-06-08,5315885.82149146
2012-06-09,5401245.546926728
2012-06-10,5551940.258814313
2012-06-11,5270590.42833676
2012-06-12,5221132.637026236
2012-06-13,5344803.650993333
2012-06-14,5485182.281935625
2012-06-15,5642081.911369907
2012-06-16,5794232.053010979
2012-06-17,5732753.3537567835
2012-06-18,5509224.035826809
2012-06-19,5304191.965620897
2012-06-20,5189855.1292583505
2012-06-21,5422245.16363856
2012-06-22,5542026.431859887
2012-06-23,5726766.397855012
2012-06-24,5958986.227195725
2012-06-25,6385387.549285438
2012-06-26,6913533.528420237
2012-06-27,6650061.160871489
2012-06-28,6395480.301324995
2012-06-29,5969259.488558796
2012-06-30,5768006.447963823
2012-07-01,5631110.727437956
2012-07-02,6057307.561900178
2012-07-03,6264916.865901784
2012-07-04,6149949.150830683
2012-07-05,5747827.998586777
2012-07-06,5944495.477780227
2012-07-07,5999971.150886392
2012-07-08,5787845.98214887
2012-07-09,5796638.3980769375
2012-07-10,5796449.857976666
2012-07-11,5827055.403899461
2012-07-12,6110384.155051362
2012-07-13,6206530.468624941
2012-07-14,6023001.2184898015
2012-07-15,6017446.688034142
2012-07-16,6718202.139474219
2012-07-17,7035893.816623517
2012-07-18,7025180.386474144
2012-07-19,6879346.89737238
2012-07-20,6622275.309599628
2012-07-21,6840954.544616104
2012-07-22,6717222.093848035
2012-07-23,6573265.754004001
2012-07-24,6482685.100727258
2012-07-25,6398928.67437988
2012-07-26,6293500.078356034
2012-07-27,6235349.2977200765
2012-07-28,6163103.47968567
2012-07-29,6170858.243385352
2012-07-30,6307790.148366626
2012-07-31,6339550.295121207
2012-08-01,6324005.215796787
2012-08-02,6513692.74180639
2012-08-03,6433983.800268311
2012-08-04,6302117.49362346
2012-08-05,5856821.888979068
2012-08-06,5995359.109784123
2012-08-07,6471857.666173165
2012-08-08,6727940.854868453
2012-08-09,6928610.047901103
2012-08-10,7185370.440602181
2012-08-11,6788045.621555578
2012-08-12,6204213.133983711
2012-08-13,6374715.7715704935
2012-08-14,6425571.441581067
2012-08-15,6295322.164649524
2012-08-16,6260852.351543063
2012-08-17,6516697.336101256
2012-08-18,6472423.300993146
2012-08-19,6523288.101335175
2012-08-20,6986648.112081378
2012-08-21,7222838.936444595
2012-08-22,6632773.486080912
2012-08-23,6506477.486959168
2012-08-24,6371409.511746975
2012-08-25,6429707.376964796
2012-08-26,5999298.854797868
2012-08-27,6080047.138377757
2012-08-28,6460456.577574709
2012-08-29,6039077.27766877
2012-08-30,6126633.355117198
2012-08-31,6385702.442247366
2012-09-01,6330790.463327023
2012-09-02,6200426.497004922
2012-09-03,6202648.40977637
2012-09-04,6302572.92609349
2012-09-05,6406117.545923675
2012-09-06,6605776.755430003
2012-09-07,6595225.3566351645
2012-09-08,6341620.082138382
2012-09-09,6115617.3153026495
2012-09-10,6081768.214815249
2012-09-11,6349569.672103017
2012-09-12,6647180.184385489
2012-09-13,6455340.099889999
2012-09-14,6332225.573180762
2012-09-15,6462571.78903329
2012-09-16,6005858.3459627
2012-09-17,5953940.414749008
2012-09-18,6189805.330123511
2012-09-19,6226189.486170238
2012-09-20,6048316.517549968
2012-09-21,5996104.456018976
2012-09-22,6066700.479408223
2012-09-23,5800663.072548374
2012-09-24,5384988.949226721
2012-09-25,5318381.769214453
2012-09-26,5007009.827981275
2012-09-27,4916862.225938053
2012-09-28,5003802.224664249
2012-09-29,5381288.78870506
2012-09-30,5234864.641260737
2012-10-01,5099254.946509325
2012-10-02,5155733.452112213
2012-10-03,5149307.773673383
2012-10-04,5253138.595894167
2012-10-05,5404791.232831864
2012-10-06,5326396.023433317
2012-10-07,5371141.522844881
2012-10-08,5460354.060504276
2012-10-09,5610988.89428229
2012-10-10,5522383.104777215
2012-10-11,5332313.19023119
2012-10-12,5095195.284063986
2012-10-13,4975802.465153841
2012-10-14,4969963.179274291
2012-10-15,4704083.809869298
2012-10-16,4812313.814452418
2012-10-17,4799123.549150495
2012-10-18,4537008.428778472
2012-10-19,4561501.040440582
2012-10-20,4577304.306133589
2012-10-21,4593022.944756541
2012-10-22,4903736.152034335
2012-10-23,4931855.202152336
2012-10-24,4794782.198138047
2012-10-25,4728593.16006408
2012-10-26,4846702.188402273
2012-10-27,4722671.821029924
2012-10-28,4517299.043866214
2012-10-29,4515134.512542772
2012-10-30,4566980.808008948
2012-10-31,4500117.123444568
2012-11-01,4468462.214520362
2012-11-02,4601906.45457366
2012-11-03,4945673.450061607
2012-11-04,4436871.292058485
2012-11-05,4435465.194273648
2012-11-06,4401646.800217045
2012-11-07,4474620.762926968
2012-11-08,4486116.32993982
2012-11-09,4474509.4412750695
2012-11-10,4485969.864304505
2012-11-11,4222074.12086678
2012-11-12,4236426.5482710805
2012-11-13,4283101.966770445
2012-11-14,4357771.575992602
2012-11-15,4495458.212419918
2012-11-16,4424410.184752333
2012-11-17,4547897.8230298245
2012-11-18,4315882.166294625
2012-11-19,4346876.120082761
2012-11-20,4442110.1778621115
2012-11-21,4349465.379862153
2012-11-22,4322050.10153976
2012-11-23,4455631.747653525
2012-11-24,4638583.029850788
2012-11-25,4540934.945483025
2012-11-26,4309403.696892799
2012-11-27,4280526.90630229
2012-11-28,4289352.456399756
2012-11-29,4275548.622465816
2012-11-30,4339572.084633478
2012-12-01,4337439.986633117
2012-12-02,4210947.844513036
2012-12-03,4298157.224311653
2012-12-04,4372450.049947133
2012-12-05,4367994.4608633835
2012-12-06,4428837.247083854
2012-12-07,4496114.56470137
2012-12-08,4475101.0941942725
2012-12-09,4334153.991740886
2012-12-10,4317319.6951192515
2012-12-11,4364694.609279833
2012-12-12,4423125.902565116
2012-12-13,4468524.684549975
2012-12-14,4608051.873094126
2012-12-15,4608442.733600731
2012-12-16,4537297.756766476
2012-12-17,4562661.24763797
2012-12-18,4665177.737281698
2012-12-19,4624486.698707441
2012-12-20,4658252.517544028
2012-12-21,4795565.892383032
2012-12-22,4773036.841548128
2012-12-23,4631889.651448018
2012-12-24,4268853.503232674
2012-12-25,2991699.891763077
2012-12-26,4317163.558275988
2012-12-27,4441634.74804506
2012-12-28,4462659.378761729
2012-12-29,4502143.148082117
2012-12-30,4444122.534447458
2012-12-31,4145370.787850171
2013-01-01,3078896.817006934
2013-01-02,4580441.014372005
2013-01-03,4676983.461825648
2013-01-04,4709663.545591073
2013-01-05,4584183.078035321
2013-01-06,4463161.0651908405
2013-01-07,4612365.782490407
2013-01-08,4778805.740824909
2013-01-09,4741432.514894932
2013-01-10,4827319.058518766
2013-01-11,4805569.439191099
2013-01-12,4636003.156903499
2013-01-13,4447854.3405230595
2013-01-14,4578737.722966311
2013-01-15,4655970.186235984
2013-01-16,4652191.938434338
2013-01-17,4790520.878599103
2013-01-18,4860630.816072226
2013-01-19,4546394.627982676
2013-01-20,4396259.0556791155
2013-01-21,4540708.126576305
2013-01-22,4583053.926337875
2013-01-23,4608093.231519143
2013-01-24,4660910.048590995
2013-01-25,4757301.984291754
2013-01-26,4661026.194478872
2013-01-27,4582326.734918388
2013-01-28,4584085.076233664
2013-01-29,4631239.515856923
2013-01-30,4662446.856159955
2013-01-31,4609184.133218877
2013-02-01,4686148.687957408
2013-02-02,4516414.0928338505
2013-02-03,4193297.414921551
2013-02-04,4336857.177287752
2013-02-05,4453981.47094142
2013-02-06,4461389.504429158
2013-02-07,4452399.017366767
2013-02-08,4442670.039853435
2013-02-09,4392533.551737417
2013-02-10,4260730.695106907
2013-02-11,4386387.990687321
2013-02-12,4312234.192087566
2013-02-13,4425418.897266116
2013-02-14,4407673.089735858
2013-02-15,4458126.586971239
2013-02-16,4399641.337443271
2013-02-17,4308044.008709508
2013-02-18,4412389.163950176
2013-02-19,4447187.836809028
2013-02-20,4528934.4385191025
2013-02-21,4599214.01594878
2013-02-22,4601912.146449343
2013-02-23,4448259.065336741
2013-02-24,4108850.097003428
2013-02-25,4373290.193292925
2013-02-26,4499653.418755501
2013-02-27,4530526.556342175
2013-02-28,4505261.305993213
2013-03-01,4570686.423392155
2013-03-02,4541325.92082633
2013-03-03,4374330.073571641
2013-03-04,4440331.910874836
2013-03-05,4594164.956588945
2013-03-06,4599756.11598689
2013-03-07,4636807.581130786
2013-03-08,4624783.908277144
2013-03-09,4510771.26777159
2013-03-10,4353497.061186591
2013-03-11,4441172.602317017
2013-03-12,4577651.902100391
2013-03-13,4444807.5945788445
2013-03-14,4445197.316247236
2013-03-15,4443928.721761074
2013-03-16,4464141.792073012
2013-03-17,4217216.596997798
2013-03-18,4226276.308177417
2013-03-19,4450239.727124828
2013-03-20,4448463.551680277
2013-03-21,4484078.0123320725
2013-03-22,4548523.2627653275
2013-03-23,4452900.344364913
2013-03-24,4334688.642415922
2013-03-25,4513324.855849267
2013-03-26,4702027.527612083
2013-03-27,4684524.336650606
2013-03-28,4755742.142557826
2013-03-29,4786621.5591734415
2013-03-30,4706305.0820993595
2013-03-31,4071676.975176459
2013-04-01,4373378.657893935
2013-04-02,4612952.765256253
2013-04-03,4536272.145404455
2013-04-04,4537041.123681732
2013-04-05,4555811.193707145
2013-04-06,4439804.862083456
2013-04-07,4236428.891780143
2013-04-08,4421960.174432053
2013-04-09,4555584.58643214
2013-04-10,4636232.55945807
2013-04-11,4674562.598508428
2013-04-12,4660100.874279892
2013-04-13,4626155.542542695
2013-04-14,4645262.189662476
2013-04-15,4769486.461097378
2013-04-16,4831804.05065004
2013-04-17,4853075.826511762
2013-04-18,4918592.657821012
2013-04-19,4939394.644537521
2013-04-20,4865821.112607983
2013-04-21,4705420.085987335
2013-04-22,4738027.009364317
2013-04-23,4870245.551314639
2013-04-24,4958179.710125907
2013-04-25,5030473.224255534
2013-04-26,5019100.598102828
2013-04-27,4665830.955736465
2013-04-28,4376700.662764726
2013-04-29,4453896.704859123
2013-04-30,4592930.1986693265
2013-05-01,4375863.140399987
2013-05-02,4759660.664036872
2013-05-03,4963919.007972004
2013-05-04,5004535.406232118
2013-05-05,4984043.255021445
2013-05-06,5270316.128713548
2013-05-07,5298668.152637166
2013-05-08,5300441.840078362
2013-05-09,5406786.206349291
2013-05-10,5316466.360775015
2013-05-11,5228932.462069643
2013-05-12,4891961.113827123
2013-05-13,5307366.703510405
2013-05-14,5365186.840030955
2013-05-15,4897853.017502083
2013-05-16,4832208.00819326
2013-05-17,4859730.030641559
2013-05-18,4776190.436604549
2013-05-19,4604464.143821941
2013-05-20,4699491.015772915
2013-05-21,4955686.151023558
2013-05-22,5120525.39204763
2013-05-23,5128915.303233701
2013-05-24,5175411.339477022
2013-05-25,5124667.768471802
2013-05-26,4893234.871469796
2013-05-27,4850591.2271088185
2013-05-28,4898202.98906458
2013-05-29,4870597.558819682
2013-05-30,4920660.626960668
2013-05-31,5244878.789351429
2013-06-01,5427666.674354708
2013-06-02,5399589.140184149
2013-06-03,5597578.0742386365
2013-06-04,5502624.108523286
2013-06-05,5572902.831991425
2013-06-06,5065184.399694695
2013-06-07,5140302.475246687
2013-06-08,5084463.525910544
2013-06-09,4910566.353345918
2013-06-10,5019345.326169925
2013-06-11,5220797.510333401
2013-06-12,5547450.570060373
2013-06-13,5809100.4227471575
2013-06-14,5837597.276583714
2013-06-15,5754026.569812731
2013-06-16,5437196.569758373
2013-06-17,5205695.68662746
2013-06-18,5185809.898090816
2013-06-19,5297552.895939629
2013-06-20,5441878.362874851
2013-06-21,5510804.946869729
2013-06-22,5780820.2660594825
2013-06-23,5854037.622681208
2013-06-24,5876212.061832848
2013-06-25,6421884.659076502
2013-06-26,6538902.266232987
2013-06-27,6484929.947545047
2013-06-28,6723792.134052978
2013-06-29,6954161.204796334
2013-06-30,6875409.619418165
2013-07-01,6587358.47791784
2013-07-02,6399456.894207967
2013-07-03,6848345.692530449
2013-07-04,7389450.596824555
2013-07-05,7541462.197944185
2013-07-06,7542148.726132189
2013-07-07,7424666.399361789
2013-07-08,7476636.761118772
2013-07-09,7539806.420725915
2013-07-10,7388712.638167574
2013-07-11,7087750.486096936
2013-07-12,6871694.312733829
2013-07-13,6643826.665424103
2013-07-14,6458354.103457577
2013-07-15,6670053.42849852
2013-07-16,6851078.032499418
2013-07-17,6824804.861275483
2013-07-18,6745789.642971518
2013-07-19,6728194.896880459
2013-07-20,6523623.263493717
2013-07-21,6258721.928763115
2013-07-22,6391292.5701220585
2013-07-23,6553899.316084033
2013-07-24,6746102.963460858
2013-07-25,6838136.107839291
2013-07-26,6400812.672421603
2013-07-27,6224279.255782126
2013-07-28,6154861.5820928365
2013-07-29,6378799.3915031245
2013-07-30,6846901.4088657955
2013-07-31,6985469.755076318
2013-08-01,6825520.338038336
2013-08-02,6658255.484627466
2013-08-03,6477683.818190773
2013-08-04,6351461.871850206
2013-08-05,6584596.33435517
2013-08-06,6749904.191401656
2013-08-07,6570181.921489963
2013-08-08,6692175.3545479365
2013-08-09,7253539.5217345515
2013-08-10,7394980.223272083
2013-08-11,7124697.206355044
2013-08-12,6911456.834675292
2013-08-13,7121094.9436411
2013-08-14,7240008.030171549
2013-08-15,7197292.715616158
2013-08-16,6994546.432330064
2013-08-17,7034744.413835531
2013-08-18,6900924.132168736
2013-08-19,7172327.524549253
2013-08-20,7292394.760511865
2013-08-21,6990901.793921157
2013-08-22,6906589.005899054
2013-08-23,6984209.712853698
2013-08-24,6889107.705805543
2013-08-25,6667158.348674485
2013-08-26,6578237.176173043
2013-08-27,6533808.162544975
2013-08-28,6548455.833927604
2013-08-29,6650231.736251994
2013-08-30,6868757.701432938
2013-08-31,6856996.375921804
2013-09-01,6630961.87264319
2013-09-02,6772204.648033154
2013-09-03,6875624.661005189
2013-09-04,6744473.3877649205
2013-09-05,6576419.621067032
2013-09-06,6529197.488453701
2013-09-07,6083415.281067407
2013-09-08,5855965.810287749
2013-09-09,5941751.910681628
2013-09-10,6285450.221292626
2013-09-11,6453782.274069892
2013-09-12,6654700.180395716
2013-09-13,6793318.858820576
2013-09-14,6600312.9078418305
2013-09-15,6355483.454729718
2013-09-16,6244964.385777908
2013-09-17,6155279.798521698
2013-09-18,6119642.780228758
2013-09-19,6197851.744866413
2013-09-20,6562560.846521537
2013-09-21,6686809.331735589
2013-09-22,6401785.5605856655
2013-09-23,6362435.797187278
2013-09-24,6159147.379660834
2013-09-25,6076979.724287377
2013-09-26,6112068.560859349
2013-09-27,6184038.905711265
2013-09-28,6049309.086462787
2013-09-29,5813413.272769138
2013-09-30,6039039.087102163
2013-10-01,6027714.501873317
2013-10-02,5788130.508034712
2013-10-03,5988628.308680037
2013-10-04,5882095.18944335
2013-10-05,5703154.062843653
2013-10-06,5499534.365168815
2013-10-07,5565425.330018009
2013-10-08,5801764.27365827
2013-10-09,5726571.021694202
2013-10-10,5752183.738172125
2013-10-11,5679521.592351515
2013-10-12,5400281.136759827
2013-10-13,5240091.701331051
2013-10-14,5399878.49292068
2013-10-15,5661555.720124675
2013-10-16,5583404.950379205
2013-10-17,5611946.223242689
2013-10-18,5495732.584051367
2013-10-19,5320474.184800167
2013-10-20,5279032.298295983
2013-10-21,5385600.245137125
2013-10-22,5513575.269372089
2013-10-23,5519634.6014950285
2013-10-24,5639945.120870116
2013-10-25,5369539.529940113
2013-10-26,5228135.0858199
2013-10-27,5283078.866640604
2013-10-28,5085326.451783653
2013-10-29,4871737.666375534
2013-10-30,4823780.224917986
2013-10-31,4895018.376602422
2013-11-01,5077592.74281888
2013-11-02,5201783.720620876
2013-11-03,4906783.138851759
2013-11-04,4946000.936193084
2013-11-05,5113888.074306053
2013-11-06,5080617.111327072
2013-11-07,5094679.153173757
2013-11-08,5133822.173296356
2013-11-09,4975617.106998552
2013-11-10,4865791.036705266
2013-11-11,4947282.093699227
2013-11-12,5085442.879190166
2013-11-13,5030671.236185803
2013-11-14,5005887.411037296
2013-11-15,4915402.04436778
2013-11-16,4465297.986672177
2013-11-17,4319986.843545165
2013-11-18,4623776.002683555
2013-11-19,4803117.2282700995
2013-11-20,4747299.663543336
2013-11-21,4790033.835010718
2013-11-22,4920905.63291708
2013-11-23,4807377.791773703
2013-11-24,4631155.806730936
2013-11-25,4718204.126548292
2013-11-26,4808438.788802136
2013-11-27,4727270.414198021
2013-11-28,4767564.135590687
2013-11-29,4807597.511726519
2013-11-30,4807911.187038312
2013-12-01,4706177.114729735
2013-12-02,4773839.433622924
2013-12-03,4786326.438944919
2013-12-04,4825500.011394064
2013-12-05,4883575.099711595
2013-12-06,4981732.603219919
2013-12-07,4954230.13933149
2013-12-08,4755107.618720045
2013-12-09,4759832.814275018
2013-12-10,4877693.011470836
2013-12-11,4897322.112132559
2013-12-12,4903739.008129238
2013-12-13,5035147.985450616
2013-12-14,4846512.488269056
2013-12-15,4725055.141481429
2013-12-16,4698290.619808552
2013-12-17,4937807.152318363
2013-12-18,4935434.691998901
2013-12-19,4990266.645668095
2013-12-20,4973939.581759066
2013-12-21,4982831.3772802865
2013-12-22,4941342.306850258
2013-12-23,5073338.461756039
2013-12-24,4416923.9878521925
2013-12-25,2988309.8900134345
2013-12-26,4693432.4349020235
2013-12-27,5024175.864510797
2013-12-28,4947349.020377435
2013-12-29,4843780.619738937
2013-12-30,4974273.281733592
2013-12-31,4622583.192944847
2014-01-01,3093516.2147595696
2014-01-02,4711284.401195776
2014-01-03,4943551.046611614
2014-01-04,4887836.890003248
2014-01-05,4788209.697721473
2014-01-06,4841355.504540105
2014-01-07,4789901.703861564
2014-01-08,4803236.673771659
2014-01-09,4717071.956399248
2014-01-10,4721932.400943517
2014-01-11,4657759.756313676
2014-01-12,4632701.18949754
2014-01-13,4654158.094093652
2014-01-14,4772197.087749982
2014-01-15,4770462.166913787
2014-01-16,4690920.843468667
2014-01-17,4743670.291251686
2014-01-18,4676344.719879213
2014-01-19,4418773.074261357
2014-01-20,4604052.558272962
2014-01-21,4769031.521133855
2014-01-22,4707277.8263961375
2014-01-23,4697690.399380805
2014-01-24,4810587.294101942
2014-01-25,4817364.336996153
2014-01-26,4594722.335080418
2014-01-27,4576297.264988952
2014-01-28,4712691.000286903
2014-01-29,4633851.364918533
2014-01-30,4700762.868482188
2014-01-31,4862566.468111064
2014-02-01,4812768.2513084365
2014-02-02,4656233.642023151
2014-02-03,4695751.153343906
2014-02-04,4854346.222814166
2014-02-05,4819281.036542085
2014-02-06,4839916.286378951
2014-02-07,4807183.521947805
2014-02-08,4786817.313412908
2014-02-09,4528817.445258781
2014-02-10,4588174.598054175
2014-02-11,4616059.018812904
2014-02-12,4650174.904936211
2014-02-13,4674703.044796965
2014-02-14,4727975.841794021
2014-02-15,4588627.534841742
2014-02-16,4397668.729319632
2014-02-17,4456705.6924998695
2014-02-18,4521486.809792965
2014-02-19,4490444.546572202
2014-02-20,4526678.3766084295
2014-02-21,4563773.297011375
2014-02-22,4585950.648028943
2014-02-23,4430625.703691074
2014-02-24,4478992.575025126
2014-02-25,4602689.699370605
2014-02-26,4565345.203924499
2014-02-27,4619386.449008076
2014-02-28,4619512.077455792
2014-03-01,4518523.663149382
2014-03-02,4515860.557261753
2014-03-03,4511278.0950695975
2014-03-04,4524887.82826275
2014-03-05,4634582.163942369
2014-03-06,4668178.40928417
2014-03-07,4657795.695147201
2014-03-08,4581521.642799488
2014-03-09,4440928.830346538
2014-03-10,4564370.2702272255
2014-03-11,4630229.701726228
2014-03-12,4624497.395585386
2014-03-13,4606446.65244767
2014-03-14,4678044.2045921
2014-03-15,4762345.018523576
2014-03-16,4624838.794131132
2014-03-17,4617167.362339426
2014-03-18,4634251.3245031545
2014-03-19,4663809.0743735535
2014-03-20,4663008.039411003
2014-03-21,4717371.840863009
2014-03-22,4626558.466965187
2014-03-23,4453199.656752677
2014-03-24,4525044.669473931
2014-03-25,4539683.5989903305
2014-03-26,4453559.7204756765
2014-03-27,4485465.735159648
2014-03-28,4611256.186892738
2014-03-29,4559712.595893978
2014-03-30,4402989.755741241
2014-03-31,4588469.592929711
2014-04-01,4649426.559550981
2014-04-02,4601351.438094549
2014-04-03,4589422.481806606
2014-04-04,4670500.286416683
2014-04-05,4790100.978588147
2014-04-06,4827843.446170512
2014-04-07,4834826.697120735
2014-04-08,5080455.744793518
2014-04-09,5042921.510100893
2014-04-10,5041117.229460264
2014-04-11,5064530.687486477
2014-04-12,5071429.6266743
2014-04-13,5075608.703936306
2014-04-14,5067201.013269816
2014-04-15,5161276.285091977
2014-04-16,5111654.705673512
2014-04-17,5333422.89251284
2014-04-18,5184482.374252232
2014-04-19,4985455.156684974
2014-04-20,4429705.202978161
2014-04-21,4732644.879343452
2014-04-22,4900068.552233928
2014-04-23,4898602.056365631
2014-04-24,4834810.762101347
2014-04-25,4813033.290343163
2014-04-26,4947966.074335028
2014-04-27,4868676.178919063
2014-04-28,4944672.19980531
2014-04-29,5048089.152743797
2014-04-30,5304177.4376078965
2014-05-01,5241445.383164209
2014-05-02,5493207.879837853
2014-05-03,5501721.817336069
2014-05-04,5407916.312005569
2014-05-05,5347655.535759436
2014-05-06,5394969.058521988
2014-05-07,5343458.5326056555
2014-05-08,5363009.822923582
2014-05-09,5486734.470213903
2014-05-10,5532397.487702364
2014-05-11,5435891.698702505
2014-05-12,5318663.514145576
2014-05-13,5465531.629766508
2014-05-14,5574448.360999794
2014-05-15,5651561.134384851
2014-05-16,5706053.45314068
2014-05-17,5622510.440745247
2014-05-18,5339146.401042872
2014-05-19,5075715.976433882
2014-05-20,4959584.693269116
2014-05-21,4876922.48860278
2014-05-22,4975901.656182416
2014-05-23,5001000.082042124
2014-05-24,4939953.928442184
2014-05-25,4819547.391451945
2014-05-26,4806300.646061425
2014-05-27,4993900.1797848595
2014-05-28,5081692.094287623
2014-05-29,5253737.212172194
2014-05-30,5347499.930413159
2014-05-31,5405573.027436273
2014-06-01,5442593.683256482
2014-06-02,5456720.783687553
2014-06-03,5402852.049716436
2014-06-04,5365196.908563747
2014-06-05,5303055.618647486
2014-06-06,5369135.338476635
2014-06-07,5335334.653919002
2014-06-08,5222516.561615647
2014-06-09,5295492.484920364
2014-06-10,5383493.618576359
2014-06-11,5691744.081344232
2014-06-12,6192724.730055704
2014-06-13,6721243.775897418
2014-06-14,7038131.08697348
2014-06-15,6784944.651435337
2014-06-16,6441254.81226842
2014-06-17,6136781.62476547
2014-06-18,5960245.579948889
2014-06-19,5853128.296991455
2014-06-20,5907575.917118751
2014-06-21,5842875.948286615
2014-06-22,5665779.070789407
2014-06-23,5661235.621212735
2014-06-24,5643174.847961523
2014-06-25,5671925.031789528
2014-06-26,5725204.955440971
2014-06-27,5923836.95783491
2014-06-28,6051213.27675803
2014-06-29,5751725.231210146
2014-06-30,5662939.250947219
2014-07-01,5725876.0049825795
2014-07-02,5675759.652972315
2014-07-03,5900245.99121719
2014-07-04,6177564.797520661
2014-07-05,6211092.074699615
2014-07-06,5870139.882405877
2014-07-07,5726754.743256105
2014-07-08,6334039.724346602
2014-07-09,6338351.229650763
2014-07-10,6555125.716481801
2014-07-11,6892845.445848939
2014-07-12,6920761.304220367
2014-07-13,6630461.695423298
2014-07-14,6817885.272538228
2014-07-15,6937009.962289506
2014-07-16,6992344.583204546
2014-07-17,6799690.471166893
2014-07-18,6489462.880004743
2014-07-19,6393952.7411872065
2014-07-20,6121033.592991541
2014-07-21,6506912.284918231
2014-07-22,6786248.589532863
2014-07-23,6641741.46962143
2014-07-24,6434646.6939586075
2014-07-25,6636253.548085975
2014-07-26,6781311.119581848
2014-07-27,6462590.994607578
2014-07-28,6529925.465198512
2014-07-29,6771954.180840585
2014-07-30,6686236.067855824
2014-07-31,6490480.365222642
2014-08-01,6427084.447980947
2014-08-02,6474062.537916074
2014-08-03,6411354.318836898
2014-08-04,6358370.658555108
2014-08-05,6778259.731874563
2014-08-06,6785449.189087847
2014-08-07,6950444.187220467
2014-08-08,7039607.477811309
2014-08-09,6973679.270817392
2014-08-10,6783427.034695802
2014-08-11,6750371.364745975
2014-08-12,6958214.521246536
2014-08-13,6577235.307250912
2014-08-14,6522735.629704215
2014-08-15,6663941.162718861
2014-08-16,6511953.578853083
2014-08-17,6734461.9473587535
2014-08-18,6716155.550196253
2014-08-19,6446300.155837412
2014-08-20,6386758.4453703
2014-08-21,6430668.128971172
2014-08-22,6502819.161509917
2014-08-23,6504444.071823343
2014-08-24,6373370.434687802
2014-08-25,6635594.666287648
2014-08-26,7158643.956535319
2014-08-27,7181786.787902204
2014-08-28,6913734.723641567
2014-08-29,6710520.72802699
2014-08-30,6646902.48676811
2014-08-31,6569482.360948148
2014-09-01,6918543.893602627
2014-09-02,6931588.526475708
2014-09-03,6654070.145938268
2014-09-04,6595212.12741639
2014-09-05,6610705.520273482
2014-09-06,6742867.716307194
2014-09-07,6606353.175699338
2014-09-08,6689195.6677449
2014-09-09,6700551.681767387
2014-09-10,6507622.356208324
2014-09-11,6564209.910924854
2014-09-12,6631296.716442328
2014-09-13,6531643.765381739
2014-09-14,6344750.256871989
2014-09-15,6342800.451984074
2014-09-16,6235150.613084747
2014-09-17,6080258.426022562
2014-09-18,5989045.790168812
2014-09-19,6022277.147689259
2014-09-20,5949594.651611833
2014-09-21,5904037.0222460255
2014-09-22,5840163.291160691
2014-09-23,5893704.889303273
2014-09-24,5841307.433125572
2014-09-25,5793743.403596349
2014-09-26,5892849.521878499
2014-09-27,5968382.075264901
2014-09-28,5763973.19821955
2014-09-29,5773744.5447638985
2014-09-30,5782675.595241654
2014-10-01,6032250.963738081
2014-10-02,6181050.725097828
2014-10-03,6285870.09122352
2014-10-04,6027097.890338103
2014-10-05,5380126.0744089335
2014-10-06,5566486.912317091
2014-10-07,5795083.978908405
2014-10-08,6007847.7515741475
2014-10-09,5799139.962690009
2014-10-10,5692699.751347509
2014-10-11,5502026.897388369
2014-10-12,5283765.928576438
2014-10-13,5034368.728140317
2014-10-14,5116666.901905006
2014-10-15,5494598.622470689
2014-10-16,5742566.199032168
2014-10-17,5785027.651598192
2014-10-18,5754602.460008461
2014-10-19,5803597.02763796
2014-10-20,5958902.259367668
2014-10-21,5989904.431324776
2014-10-22,6179534.623214563
2014-10-23,5795292.370580396
2014-10-24,5918411.235996909
2014-10-25,5819252.092058455
2014-10-26,5545456.933997287
2014-10-27,5459200.138372716
2014-10-28,5507208.359234077
2014-10-29,5570417.616641514
2014-10-30,5549726.67085091
2014-10-31,5579344.186531571
2014-11-01,5596858.3049454745
2014-11-02,5194131.487225126
2014-11-03,5125497.115855191
2014-11-04,4723443.030550196
2014-11-05,4681738.674939971
2014-11-06,4773449.117279459
2014-11-07,4957431.016249254
2014-11-08,5015497.700733319
2014-11-09,4641383.972136466
2014-11-10,4691815.221534211
2014-11-11,4970575.998096722
2014-11-12,4964428.534439137
2014-11-13,4959377.609484125
2014-11-14,4950143.925946331
2014-11-15,4855447.080698821
2014-11-16,4612044.04574403
2014-11-17,4739081.584815365
2014-11-18,4897121.186889099
2014-11-19,4982179.018927227
2014-11-20,4962428.695212512
2014-11-21,5094719.78469513
2014-11-22,5097486.634331236
2014-11-23,4872440.516774336
2014-11-24,4849078.667886376
2014-11-25,4815228.715287614
2014-11-26,4722717.54766434
2014-11-27,4728926.802294266
2014-11-28,4820078.448071076
2014-11-29,4763843.917503636
2014-11-30,4706628.110839809
2014-12-01,4756382.431532105
2014-12-02,4730643.174379895
2014-12-03,4702819.777213176
2014-12-04,4722290.825242156
2014-12-05,4725551.975863931
2014-12-06,4709801.574536297
2014-12-07,4581473.094789208
2014-12-08,4682126.373089024
2014-12-09,4671214.102324989
2014-12-10,4777096.0273839375
2014-12-11,4792396.945049863
2014-12-12,4879042.505809745
2014-12-13,4668394.260882536
2014-12-14,4466403.991807204
2014-12-15,4708471.172355156
2014-12-16,4875602.174313581
2014-12-17,4870448.629436595
2014-12-18,4824786.928102718
2014-12-19,4873080.370021891
2014-12-20,4842876.843445193
2014-12-21,4808358.057529585
2014-12-22,4926843.712686017
2014-12-23,4957101.127914941
2014-12-24,4328527.1738092275
2014-12-25,2677286.0180341466
2014-12-26,4678723.479546411
2014-12-27,4755807.687961585
2014-12-28,4734024.762058951
2014-12-29,4830824.845781195
2014-12-30,4831542.270462507
2014-12-31,4340759.383818343
